{"arrow_params":{"ang_0":120.0,"ang_1":30.0,"edge_l":0.20000000298023224,"head_l":3.0,"head_w":1.5,"side_ang":30.0,"tip_w":0.10000000149011612},"partitions":[0,1,2,3,4],"strokes":[{"P":[[692.0,219.0],[540.0,559.0],[986.0,500.0],[462.0,267.0],[838.0,746.0],[764.0,185.0]],"W":[100.0,100.0,100.0,100.0,100.0],"Wv":[100.0,100.0,100.0,100.0,100.0,100.0],"corner_flags":[0,1,1,1,1,1],"corner_radii":[1.0,1.0,1.0,1.0,15.0142822265625,15.0142822265625],"style":{"chisel_ang":1.2999999523162842,"end_cap_id":0,"null":false,"periodic":false,"spine_type":3,"start_cap_id":0,"w":141.08099365234375,"w0":0.19999998807907104,"w1":0.800000011920929}}],"unions":[[],[]],"z_orders":[4,1,0,2,3]}